movie_title,reward_probabilities
Air Force One,0.19721577726218098
Contact,0.2593320235756385
"English Patient, The",0.27234927234927236
Fargo,0.4468503937007874
Independence Day,0.17715617715617715
Liar Liar,0.09484536082474226
Return of the Jedi,0.33727810650887574
Scream,0.17782426778242677
Star Wars,0.5574614065180102
Toy Story,0.26327433628318586
